{
    "info": {
        "id": "389817",
        "name": "Pizza Hut",
        "cloudinaryImageId": "RX_THUMBNAIL/IMAGES/VENDOR/2024/7/17/13cfc593-b14a-4876-b0dd-1071f3f4150b_389817.jpg",
        "locality": "Kothapet Nagole Road",
        "areaName": "Kothapet",
        "costForTwo": "₹350 for two",
        "cuisines": [
            "Pizzas"
        ],
        "avgRating": 4.2,
        "parentId": "721",
        "avgRatingString": "4.2",
        "totalRatingsString": "6.5K+",
        "sla": {
            "deliveryTime": 34,
            "lastMileTravel": 1.8,
            "serviceability": "SERVICEABLE",
            "slaString": "30-35 mins",
            "lastMileTravelString": "1.8 km",
            "iconType": "ICON_TYPE_EMPTY"
        },
        "availability": {
            "nextCloseTime": "2024-11-06 04:00:00",
            "opened": true
        },
        "badges": {
            "imageBadges": [
                {
                    "imageId": "Green%20Dot%20Awards/Best%20In%20Veg%20Pizza.png",
                    "description": "Delivery!"
                }
            ]
        },
        "isOpen": true,
        "type": "F",
        "badgesV2": {
            "entityBadges": {
                "imageBased": {
                    "badgeObject": [
                        {
                            "attributes": {
                                "description": "Delivery!",
                                "imageId": "Green%20Dot%20Awards/Best%20In%20Veg%20Pizza.png"
                            }
                        }
                    ]
                },
                "textBased": {},
                "textExtendedBadges": {}
            }
        },
        "aggregatedDiscountInfoV3": {
            "header": "50% OFF",
            "subHeader": "UPTO ₹100"
        },
        "differentiatedUi": {
            "displayType": "ADS_UI_DISPLAY_TYPE_ENUM_DEFAULT",
            "differentiatedUiMediaDetails": {
                "lottie": {},
                "video": {}
            }
        },
        "reviewsSummary": {},
        "displayType": "RESTAURANT_DISPLAY_TYPE_DEFAULT",
        "restaurantOfferPresentationInfo": {},
        "externalRatings": {
            "aggregatedRating": {
                "rating": "--"
            }
        },
        "ratingsDisplayPreference": "RATINGS_DISPLAY_PREFERENCE_SHOW_SWIGGY"
    },
    "analytics": {
        "context": "seo-data-2a0c1267-bd7c-4c37-ab15-e014abe6ec4d"
    },
    "cta": {
        "link": "https://www.swiggy.com/city/hyderabad/pizza-hut-nagole-road-kothapet-rest389817",
        "type": "WEBLINK"
    }
}